{
  "best_epoch": 1,
  "best_val_ndcg": 0.6066136107723532,
  "train_losses": [
    0.38114362955093384,
    0.31513384977976483,
    0.30783385038375854,
    0.3034634590148926,
    0.30234473943710327,
    0.3009838064511617
  ],
  "val_losses": [
    0.29869595170021057,
    0.29584312438964844,
    0.29205870628356934,
    0.29114723205566406,
    0.29100048542022705,
    0.2907194197177887
  ]
}