{
  "best_epoch": 9,
  "best_val_ndcg": 0.6539719115500251,
  "train_losses": [
    0.6996764242649078,
    0.690748804807663,
    0.6837105333805085,
    0.6904696702957154,
    0.6760411620140075,
    0.671797126531601,
    0.668362957239151,
    0.6742457926273346,
    0.6669894218444824,
    0.6684038460254669
  ],
  "val_losses": [
    0.691120982170105,
    0.6826717257499695,
    0.6756995022296906,
    0.6808637082576752,
    0.6942581236362457,
    0.6928096115589142,
    0.6984481811523438,
    0.6951943039894104,
    0.6962234079837799,
    0.6967345774173737
  ]
}